Bankhead Station,Ashby Station,Vine City Station,GWCC-CNN Station,Five Points Station,Georgia State Station,King Memorial Station,Inman Park Station,Edgewood-Candler Park Station
4:55 AM,4:59 AM,5:00 AM,5:01 AM,5:02 AM,5:03 AM,5:05 AM,5:08 AM,5:10 AM
5:15 AM,5:19 AM,5:20 AM,5:21 AM,5:22 AM,5:23 AM,5:25 AM,5:28 AM,5:30 AM
5:35 AM,5:39 AM,5:40 AM,5:41 AM,5:42 AM,5:43 AM,5:45 AM,5:48 AM,5:50 AM
5:53 AM,5:57 AM,5:58 AM,5:59 AM,6:00 AM,6:01 AM,6:03 AM,6:06 AM,6:08 AM
6:08 AM,6:12 AM,6:13 AM,6:14 AM,6:15 AM,6:16 AM,6:18 AM,6:21 AM,6:23 AM
6:23 AM,6:27 AM,6:28 AM,6:29 AM,6:30 AM,6:31 AM,6:33 AM,6:36 AM,6:38 AM
6:38 AM,6:42 AM,6:43 AM,6:44 AM,6:45 AM,6:46 AM,6:48 AM,6:51 AM,6:53 AM
6:53 AM,6:57 AM,6:58 AM,6:59 AM,7:00 AM,7:01 AM,7:03 AM,7:06 AM,7:08 AM
7:08 AM,7:12 AM,7:13 AM,7:14 AM,7:15 AM,7:16 AM,7:18 AM,7:21 AM,7:23 AM
7:23 AM,7:27 AM,7:28 AM,7:29 AM,7:30 AM,7:31 AM,7:33 AM,7:36 AM,7:38 AM
7:38 AM,7:42 AM,7:43 AM,7:44 AM,7:45 AM,7:46 AM,7:48 AM,7:51 AM,7:53 AM
7:53 AM,7:57 AM,7:58 AM,7:59 AM,8:00 AM,8:01 AM,8:03 AM,8:06 AM,8:08 AM
8:08 AM,8:12 AM,8:13 AM,8:14 AM,8:15 AM,8:16 AM,8:18 AM,8:21 AM,8:23 AM
8:23 AM,8:27 AM,8:28 AM,8:29 AM,8:30 AM,8:31 AM,8:33 AM,8:36 AM,8:38 AM
8:38 AM,8:42 AM,8:43 AM,8:44 AM,8:45 AM,8:46 AM,8:48 AM,8:51 AM,8:53 AM
8:53 AM,8:57 AM,8:58 AM,8:59 AM,9:00 AM,9:01 AM,9:03 AM,9:06 AM,9:08 AM
9:08 AM,9:12 AM,9:13 AM,9:14 AM,9:15 AM,9:16 AM,9:18 AM,9:21 AM,9:23 AM
9:23 AM,9:27 AM,9:28 AM,9:29 AM,9:30 AM,9:31 AM,9:33 AM,9:36 AM,9:38 AM
9:38 AM,9:42 AM,9:43 AM,9:44 AM,9:45 AM,9:46 AM,9:48 AM,9:51 AM,9:53 AM
9:53 AM,9:57 AM,9:58 AM,9:59 AM,10:00 AM,10:01 AM,10:03 AM,10:06 AM,10:08 AM
10:08 AM,10:12 AM,10:13 AM,10:14 AM,10:15 AM,10:16 AM,10:18 AM,10:21 AM,10:23 AM
10:23 AM,10:27 AM,10:28 AM,10:29 AM,10:30 AM,10:31 AM,10:33 AM,10:36 AM,10:38 AM
10:38 AM,10:42 AM,10:43 AM,10:44 AM,10:45 AM,10:46 AM,10:48 AM,10:51 AM,10:53 AM
10:53 AM,10:57 AM,10:58 AM,10:59 AM,11:00 AM,11:01 AM,11:03 AM,11:06 AM,11:08 AM
11:08 AM,11:12 AM,11:13 AM,11:14 AM,11:15 AM,11:16 AM,11:18 AM,11:21 AM,11:23 AM
11:23 AM,11:27 AM,11:28 AM,11:29 AM,11:30 AM,11:31 AM,11:33 AM,11:36 AM,11:38 AM
11:38 AM,11:42 AM,11:43 AM,11:44 AM,11:45 AM,11:46 AM,11:48 AM,11:51 AM,11:53 AM
11:53 AM,11:57 AM,11:58 AM,11:59 AM,12:00 PM,12:01 PM,12:03 PM,12:06 PM,12:08 PM
12:08 PM,12:12 PM,12:13 PM,12:14 PM,12:15 PM,12:16 PM,12:18 PM,12:21 PM,12:23 PM
12:23 PM,12:27 PM,12:28 PM,12:29 PM,12:30 PM,12:31 PM,12:33 PM,12:36 PM,12:38 PM
12:38 PM,12:42 PM,12:43 PM,12:44 PM,12:45 PM,12:46 PM,12:48 PM,12:51 PM,12:53 PM
12:53 PM,12:57 PM,12:58 PM,12:59 PM,1:00 PM,1:01 PM,1:03 PM,1:06 PM,1:08 PM
1:08 PM,1:12 PM,1:13 PM,1:14 PM,1:15 PM,1:16 PM,1:18 PM,1:21 PM,1:23 PM
1:23 PM,1:27 PM,1:28 PM,1:29 PM,1:30 PM,1:31 PM,1:33 PM,1:36 PM,1:38 PM
1:38 PM,1:42 PM,1:43 PM,1:44 PM,1:45 PM,1:46 PM,1:48 PM,1:51 PM,1:53 PM
1:53 PM,1:57 PM,1:58 PM,1:59 PM,2:00 PM,2:01 PM,2:03 PM,2:06 PM,2:08 PM
2:08 PM,2:12 PM,2:13 PM,2:14 PM,2:15 PM,2:16 PM,2:18 PM,2:21 PM,2:23 PM
2:23 PM,2:27 PM,2:28 PM,2:29 PM,2:30 PM,2:31 PM,2:33 PM,2:36 PM,2:38 PM
2:38 PM,2:42 PM,2:43 PM,2:44 PM,2:45 PM,2:46 PM,2:48 PM,2:51 PM,2:53 PM
2:53 PM,2:57 PM,2:58 PM,2:59 PM,3:00 PM,3:01 PM,3:03 PM,3:06 PM,3:08 PM
3:08 PM,3:12 PM,3:13 PM,3:14 PM,3:15 PM,3:16 PM,3:18 PM,3:21 PM,3:23 PM
3:23 PM,3:27 PM,3:28 PM,3:29 PM,3:30 PM,3:31 PM,3:33 PM,3:36 PM,3:38 PM
3:38 PM,3:42 PM,3:43 PM,3:44 PM,3:45 PM,3:46 PM,3:48 PM,3:51 PM,3:53 PM
3:53 PM,3:57 PM,3:58 PM,3:59 PM,4:00 PM,4:01 PM,4:03 PM,4:06 PM,4:08 PM
4:08 PM,4:12 PM,4:13 PM,4:14 PM,4:15 PM,4:16 PM,4:18 PM,4:21 PM,4:23 PM
4:23 PM,4:27 PM,4:28 PM,4:29 PM,4:30 PM,4:31 PM,4:33 PM,4:36 PM,4:38 PM
4:38 PM,4:42 PM,4:43 PM,4:44 PM,4:45 PM,4:46 PM,4:48 PM,4:51 PM,4:53 PM
4:53 PM,4:57 PM,4:58 PM,4:59 PM,5:00 PM,5:01 PM,5:03 PM,5:06 PM,5:08 PM
5:08 PM,5:12 PM,5:13 PM,5:14 PM,5:15 PM,5:16 PM,5:18 PM,5:21 PM,5:23 PM
5:23 PM,5:27 PM,5:28 PM,5:29 PM,5:30 PM,5:31 PM,5:33 PM,5:36 PM,5:38 PM
5:38 PM,5:42 PM,5:43 PM,5:44 PM,5:45 PM,5:46 PM,5:48 PM,5:51 PM,5:53 PM
5:53 PM,5:57 PM,5:58 PM,5:59 PM,6:00 PM,6:01 PM,6:03 PM,6:06 PM,6:08 PM
6:08 PM,6:12 PM,6:13 PM,6:14 PM,6:15 PM,6:16 PM,6:18 PM,6:21 PM,6:23 PM
6:23 PM,6:27 PM,6:28 PM,6:29 PM,6:30 PM,6:31 PM,6:33 PM,6:36 PM,6:38 PM
6:38 PM,6:42 PM,6:43 PM,6:44 PM,6:45 PM,6:46 PM,6:48 PM,6:51 PM,6:53 PM
6:55 PM,6:59 PM,7:00 PM,7:01 PM,7:02 PM,7:03 PM,7:05 PM,7:08 PM,7:10 PM
7:15 PM,7:19 PM,7:20 PM,7:21 PM,7:22 PM,7:23 PM,7:25 PM,7:28 PM,7:30 PM
7:35 PM,7:39 PM,7:40 PM,7:41 PM,7:42 PM,7:43 PM,7:45 PM,7:48 PM,7:50 PM
7:55 PM,7:59 PM,8:00 PM,8:01 PM,8:02 PM,8:03 PM,8:05 PM,8:08 PM,8:10 PM
8:15 PM,8:19 PM,8:20 PM,8:21 PM,8:22 PM,8:23 PM,8:25 PM,8:28 PM,8:30 PM
8:35 PM,8:39 PM,8:40 PM,8:41 PM,8:42 PM,8:43 PM,8:45 PM,8:48 PM,8:50 PM
