Edgewood-Candler Park Station,Inman Park Station,King Memorial Station,Georgia State Station,Five Points Station,GWCC-CNN Station,Vine City Station,Ashby Station,Bankhead Station
4:45 AM,4:47 AM,4:50 AM,4:52 AM,4:53 AM,4:54 AM,4:55 AM,4:56 AM,5:00 AM
5:05 AM,5:07 AM,5:10 AM,5:12 AM,5:13 AM,5:14 AM,5:15 AM,5:16 AM,5:20 AM
5:25 AM,5:27 AM,5:30 AM,5:32 AM,5:33 AM,5:34 AM,5:35 AM,5:36 AM,5:40 AM
5:45 AM,5:47 AM,5:50 AM,5:52 AM,5:53 AM,5:54 AM,5:55 AM,5:56 AM,6:00 AM
6:05 AM,6:07 AM,6:10 AM,6:12 AM,6:13 AM,6:14 AM,6:15 AM,6:16 AM,6:20 AM
6:22 AM,6:24 AM,6:27 AM,6:29 AM,6:30 AM,6:31 AM,6:32 AM,6:33 AM,6:37 AM
6:37 AM,6:39 AM,6:42 AM,6:44 AM,6:45 AM,6:46 AM,6:47 AM,6:48 AM,6:52 AM
6:52 AM,6:54 AM,6:57 AM,6:59 AM,7:00 AM,7:01 AM,7:02 AM,7:03 AM,7:07 AM
7:07 AM,7:09 AM,7:12 AM,7:14 AM,7:15 AM,7:16 AM,7:17 AM,7:18 AM,7:22 AM
7:22 AM,7:24 AM,7:27 AM,7:29 AM,7:30 AM,7:31 AM,7:32 AM,7:33 AM,7:37 AM
7:37 AM,7:39 AM,7:42 AM,7:44 AM,7:45 AM,7:46 AM,7:47 AM,7:48 AM,7:52 AM
7:52 AM,7:54 AM,7:57 AM,7:59 AM,8:00 AM,8:01 AM,8:02 AM,8:03 AM,8:07 AM
8:07 AM,8:09 AM,8:12 AM,8:14 AM,8:15 AM,8:16 AM,8:17 AM,8:18 AM,8:22 AM
8:22 AM,8:24 AM,8:27 AM,8:29 AM,8:30 AM,8:31 AM,8:32 AM,8:33 AM,8:37 AM
8:37 AM,8:39 AM,8:42 AM,8:44 AM,8:45 AM,8:46 AM,8:47 AM,8:48 AM,8:52 AM
8:52 AM,8:54 AM,8:57 AM,8:59 AM,9:00 AM,9:01 AM,9:02 AM,9:03 AM,9:07 AM
9:07 AM,9:09 AM,9:12 AM,9:14 AM,9:15 AM,9:16 AM,9:17 AM,9:18 AM,9:22 AM
9:22 AM,9:24 AM,9:27 AM,9:29 AM,9:30 AM,9:31 AM,9:32 AM,9:33 AM,9:37 AM
9:37 AM,9:39 AM,9:42 AM,9:44 AM,9:45 AM,9:46 AM,9:47 AM,9:48 AM,9:52 AM
9:52 AM,9:54 AM,9:57 AM,9:59 AM,10:00 AM,10:01 AM,10:02 AM,10:03 AM,10:07 AM
10:07 AM,10:09 AM,10:12 AM,10:14 AM,10:15 AM,10:16 AM,10:17 AM,10:18 AM,10:22 AM
10:22 AM,10:24 AM,10:27 AM,10:29 AM,10:30 AM,10:31 AM,10:32 AM,10:33 AM,10:37 AM
10:37 AM,10:39 AM,10:42 AM,10:44 AM,10:45 AM,10:46 AM,10:47 AM,10:48 AM,10:52 AM
10:52 AM,10:54 AM,10:57 AM,10:59 AM,11:00 AM,11:01 AM,11:02 AM,11:03 AM,11:07 AM
11:07 AM,11:09 AM,11:12 AM,11:14 AM,11:15 AM,11:16 AM,11:17 AM,11:18 AM,11:22 AM
11:22 AM,11:24 AM,11:27 AM,11:29 AM,11:30 AM,11:31 AM,11:32 AM,11:33 AM,11:37 AM
11:37 AM,11:39 AM,11:42 AM,11:44 AM,11:45 AM,11:46 AM,11:47 AM,11:48 AM,11:52 AM
11:52 AM,11:54 AM,11:57 AM,11:59 AM,12:00 PM,12:01 PM,12:02 PM,12:03 PM,12:07 PM
12:07 PM,12:09 PM,12:12 PM,12:14 PM,12:15 PM,12:16 PM,12:17 PM,12:18 PM,12:22 PM
12:22 PM,12:24 PM,12:27 PM,12:29 PM,12:30 PM,12:31 PM,12:32 PM,12:33 PM,12:37 PM
12:37 PM,12:39 PM,12:42 PM,12:44 PM,12:45 PM,12:46 PM,12:47 PM,12:48 PM,12:52 PM
12:52 PM,12:54 PM,12:57 PM,12:59 PM,1:00 PM,1:01 PM,1:02 PM,1:03 PM,1:07 PM
1:07 PM,1:09 PM,1:12 PM,1:14 PM,1:15 PM,1:16 PM,1:17 PM,1:18 PM,1:22 PM
1:22 PM,1:24 PM,1:27 PM,1:29 PM,1:30 PM,1:31 PM,1:32 PM,1:33 PM,1:37 PM
1:37 PM,1:39 PM,1:42 PM,1:44 PM,1:45 PM,1:46 PM,1:47 PM,1:48 PM,1:52 PM
1:52 PM,1:54 PM,1:57 PM,1:59 PM,2:00 PM,2:01 PM,2:02 PM,2:03 PM,2:07 PM
2:07 PM,2:09 PM,2:12 PM,2:14 PM,2:15 PM,2:16 PM,2:17 PM,2:18 PM,2:22 PM
2:22 PM,2:24 PM,2:27 PM,2:29 PM,2:30 PM,2:31 PM,2:32 PM,2:33 PM,2:37 PM
2:37 PM,2:39 PM,2:42 PM,2:44 PM,2:45 PM,2:46 PM,2:47 PM,2:48 PM,2:52 PM
2:52 PM,2:54 PM,2:57 PM,2:59 PM,3:00 PM,3:01 PM,3:02 PM,3:03 PM,3:07 PM
3:07 PM,3:09 PM,3:12 PM,3:14 PM,3:15 PM,3:16 PM,3:17 PM,3:18 PM,3:22 PM
3:22 PM,3:24 PM,3:27 PM,3:29 PM,3:30 PM,3:31 PM,3:32 PM,3:33 PM,3:37 PM
3:37 PM,3:39 PM,3:42 PM,3:44 PM,3:45 PM,3:46 PM,3:47 PM,3:48 PM,3:52 PM
3:52 PM,3:54 PM,3:57 PM,3:59 PM,4:00 PM,4:01 PM,4:02 PM,4:03 PM,4:07 PM
4:07 PM,4:09 PM,4:12 PM,4:14 PM,4:15 PM,4:16 PM,4:17 PM,4:18 PM,4:22 PM
4:22 PM,4:24 PM,4:27 PM,4:29 PM,4:30 PM,4:31 PM,4:32 PM,4:33 PM,4:37 PM
4:37 PM,4:39 PM,4:42 PM,4:44 PM,4:45 PM,4:46 PM,4:47 PM,4:48 PM,4:52 PM
4:52 PM,4:54 PM,4:57 PM,4:59 PM,5:00 PM,5:01 PM,5:02 PM,5:03 PM,5:07 PM
5:07 PM,5:09 PM,5:12 PM,5:14 PM,5:15 PM,5:16 PM,5:17 PM,5:18 PM,5:22 PM
5:22 PM,5:24 PM,5:27 PM,5:29 PM,5:30 PM,5:31 PM,5:32 PM,5:33 PM,5:37 PM
5:37 PM,5:39 PM,5:42 PM,5:44 PM,5:45 PM,5:46 PM,5:47 PM,5:48 PM,5:52 PM
5:52 PM,5:54 PM,5:57 PM,5:59 PM,6:00 PM,6:01 PM,6:02 PM,6:03 PM,6:07 PM
6:07 PM,6:09 PM,6:12 PM,6:14 PM,6:15 PM,6:16 PM,6:17 PM,6:18 PM,6:22 PM
6:22 PM,6:24 PM,6:27 PM,6:29 PM,6:30 PM,6:31 PM,6:32 PM,6:33 PM,6:37 PM
6:37 PM,6:39 PM,6:42 PM,6:44 PM,6:45 PM,6:46 PM,6:47 PM,6:48 PM,6:52 PM
6:52 PM,6:54 PM,6:57 PM,6:59 PM,7:00 PM,7:01 PM,7:02 PM,7:03 PM,7:07 PM
7:07 PM,7:09 PM,7:12 PM,7:14 PM,7:15 PM,7:16 PM,7:17 PM,7:18 PM,7:22 PM
7:25 PM,7:27 PM,7:30 PM,7:32 PM,7:33 PM,7:34 PM,7:35 PM,7:36 PM,7:40 PM
7:45 PM,7:47 PM,7:50 PM,7:52 PM,7:53 PM,7:54 PM,7:55 PM,7:56 PM,8:00 PM
8:05 PM,8:07 PM,8:10 PM,8:12 PM,8:13 PM,8:14 PM,8:15 PM,8:16 PM,8:20 PM
8:25 PM,8:27 PM,8:30 PM,8:32 PM,8:33 PM,8:34 PM,8:35 PM,8:36 PM,8:40 PM
8:45 PM,8:47 PM,8:50 PM,8:52 PM,8:53 PM,8:54 PM,8:55 PM,8:56 PM,9:00 PM
9:05 PM,9:07 PM,9:10 PM,9:12 PM,9:13 PM,9:14 PM,9:15 PM,9:16 PM,9:20 PM
